wav_path,pred_mos,gt_mos
./datasets/data/wav/audiocaps/test/10176.wav,8.27,10.0
./datasets/data/wav/audiocaps/test/102730.wav,8.91,3.67
./datasets/data/wav/audiocaps/test/102731.wav,6.57,7.33
./datasets/data/wav/audiocaps/test/102738.wav,7.84,8.57
./datasets/data/wav/audiocaps/test/102751.wav,8.3,10.0
./datasets/data/wav/audiocaps/test/102759.wav,8.41,9.67
./datasets/data/wav/audiocaps/test/102763.wav,6.71,9.0
./datasets/data/wav/audiocaps/test/102771.wav,8.33,7.0
./datasets/data/wav/audiocaps/test/102783.wav,7.49,8.8
./datasets/data/wav/audiocaps/test/102794.wav,6.92,1.67
./datasets/data/wav/audiocaps/test/102801.wav,6.86,6.0
./datasets/data/wav/audiocaps/test/102804.wav,9.81,8.67
./datasets/data/wav/audiocaps/test/102820.wav,6.78,9.6
./datasets/data/wav/audiocaps/test/102851.wav,7.93,10.0
./datasets/data/wav/audiocaps/test/102852.wav,7.69,8.67
./datasets/data/wav/audiocaps/test/102884.wav,8.3,9.5
./datasets/data/wav/audiocaps/test/102903.wav,6.72,5.0
./datasets/data/wav/audiocaps/test/102911.wav,8.54,4.0
./datasets/data/wav/audiocaps/test/102923.wav,6.14,5.0
./datasets/data/wav/audiocaps/test/102938.wav,9.35,10.0
./datasets/data/wav/audiocaps/test/102966.wav,8.0,9.0
./datasets/data/wav/audiocaps/test/102971.wav,7.92,6.8
./datasets/data/wav/audiocaps/test/102972.wav,7.81,10.0
./datasets/data/wav/audiocaps/test/102975.wav,6.68,5.0
./datasets/data/wav/audiocaps/test/102976.wav,6.69,5.8
./datasets/data/wav/audiocaps/test/102994.wav,6.03,8.5
./datasets/data/wav/audiocaps/test/102997.wav,7.21,1.0
./datasets/data/wav/audiocaps/test/103001.wav,7.11,1.5
./datasets/data/wav/audiocaps/test/103012.wav,5.88,2.5
./datasets/data/wav/audiocaps/test/103022.wav,9.48,10.0
./datasets/data/wav/audiocaps/test/103036.wav,8.76,8.0
./datasets/data/wav/audiocaps/test/103040.wav,6.66,8.0
./datasets/data/wav/audiocaps/test/103056.wav,7.44,9.75
./datasets/data/wav/audiocaps/test/103057.wav,8.28,10.0
./datasets/data/wav/audiocaps/test/103061.wav,6.62,7.8
./datasets/data/wav/audiocaps/test/103072.wav,7.44,5.0
./datasets/data/wav/audiocaps/test/103132.wav,9.01,7.0
./datasets/data/wav/audiocaps/test/103136.wav,8.7,10.0
./datasets/data/wav/audiocaps/test/103137.wav,7.36,10.0
./datasets/data/wav/audiocaps/test/103153.wav,8.93,8.0
./datasets/data/wav/audiocaps/test/103158.wav,8.29,9.0
./datasets/data/wav/audiocaps/test/103160.wav,5.42,8.0
./datasets/data/wav/audiocaps/test/103163.wav,7.6,6.38
./datasets/data/wav/audiocaps/test/103208.wav,6.76,8.8
./datasets/data/wav/audiocaps/test/103210.wav,7.95,2.0
./datasets/data/wav/audiocaps/test/103225.wav,8.5,8.0
./datasets/data/wav/audiocaps/test/103233.wav,5.39,5.0
./datasets/data/wav/audiocaps/test/103254.wav,7.68,9.5
./datasets/data/wav/audiocaps/test/103277.wav,8.41,9.5
./datasets/data/wav/audiocaps/test/103284.wav,8.11,10.0
./datasets/data/wav/audiocaps/test/103290.wav,8.91,6.33
./datasets/data/wav/audiocaps/test/103305.wav,7.79,10.0
./datasets/data/wav/audiocaps/test/103311.wav,7.35,8.33
./datasets/data/wav/audiocaps/test/103312.wav,7.75,9.75
./datasets/data/wav/audiocaps/test/103315.wav,7.78,10.0
./datasets/data/wav/audiocaps/test/103334.wav,6.97,10.0
./datasets/data/wav/audiocaps/test/103348.wav,9.18,4.83
./datasets/data/wav/audiocaps/test/103352.wav,6.99,5.0
./datasets/data/wav/audiocaps/test/103365.wav,8.66,6.0
./datasets/data/wav/audiocaps/test/103372.wav,6.65,8.83
./datasets/data/wav/audiocaps/test/103379.wav,7.5,9.75
./datasets/data/wav/audiocaps/test/103382.wav,6.76,7.17
./datasets/data/wav/audiocaps/test/103386.wav,6.27,8.33
./datasets/data/wav/audiocaps/test/103432.wav,9.01,10.0
./datasets/data/wav/audiocaps/test/103468.wav,7.73,9.5
./datasets/data/wav/audiocaps/test/103481.wav,8.09,8.25
./datasets/data/wav/audiocaps/test/103490.wav,7.49,8.5
./datasets/data/wav/audiocaps/test/103499.wav,7.43,10.0
./datasets/data/wav/audiocaps/test/103508.wav,6.05,5.0
./datasets/data/wav/audiocaps/test/103521.wav,6.22,1.0
./datasets/data/wav/audiocaps/test/103525.wav,8.87,10.0
./datasets/data/wav/audiocaps/test/103527.wav,7.77,9.86
./datasets/data/wav/audiocaps/test/103542.wav,7.95,10.0
./datasets/data/wav/audiocaps/test/103543.wav,8.22,9.33
./datasets/data/wav/audiocaps/test/103545.wav,7.89,6.0
./datasets/data/wav/audiocaps/test/103549.wav,7.68,4.0
./datasets/data/wav/audiocaps/test/103565.wav,8.08,3.2
./datasets/data/wav/audiocaps/test/103570.wav,7.15,9.0
./datasets/data/wav/audiocaps/test/103597.wav,5.28,8.0
./datasets/data/wav/audiocaps/test/103601.wav,8.12,8.67
./datasets/data/wav/audiocaps/test/103607.wav,8.82,10.0
./datasets/data/wav/audiocaps/test/103615.wav,8.9,1.0
./datasets/data/wav/audiocaps/test/103638.wav,7.86,9.5
./datasets/data/wav/audiocaps/test/103644.wav,7.54,10.0
./datasets/data/wav/audiocaps/test/103652.wav,6.74,6.5
./datasets/data/wav/audiocaps/test/103666.wav,7.36,7.67
./datasets/data/wav/audiocaps/test/103669.wav,8.49,9.33
./datasets/data/wav/audiocaps/test/103683.wav,7.49,8.0
./datasets/data/wav/audiocaps/test/103690.wav,6.68,3.5
./datasets/data/wav/audiocaps/test/103707.wav,6.15,2.0
./datasets/data/wav/audiocaps/test/103710.wav,6.74,7.17
./datasets/data/wav/audiocaps/test/103716.wav,8.91,9.0
./datasets/data/wav/audiocaps/test/103718.wav,8.96,8.6
./datasets/data/wav/audiocaps/test/103731.wav,4.81,9.0
./datasets/data/wav/audiocaps/test/103779.wav,8.45,5.5
./datasets/data/wav/audiocaps/test/103814.wav,7.21,3.33
./datasets/data/wav/audiocaps/test/103815.wav,8.31,6.0
./datasets/data/wav/audiocaps/test/103823.wav,7.38,8.0
./datasets/data/wav/audiocaps/test/103832.wav,7.68,8.0
./datasets/data/wav/audiocaps/test/103843.wav,7.94,5.0
./datasets/data/wav/audiocaps/test/103872.wav,8.57,10.0
./datasets/data/wav/audiocaps/test/103874.wav,7.48,2.0
./datasets/data/wav/audiocaps/test/103887.wav,6.92,9.33
./datasets/data/wav/audiocaps/test/103899.wav,8.95,9.0
./datasets/data/wav/audiocaps/test/103921.wav,8.64,7.0
./datasets/data/wav/audiocaps/test/103924.wav,7.65,7.5
./datasets/data/wav/audiocaps/test/103984.wav,7.1,10.0
./datasets/data/wav/audiocaps/test/103985.wav,6.79,7.6
./datasets/data/wav/audiocaps/test/103996.wav,7.38,5.25
./datasets/data/wav/audiocaps/test/104008.wav,7.89,9.0
./datasets/data/wav/audiocaps/test/104014.wav,6.03,7.0
./datasets/data/wav/audiocaps/test/104016.wav,7.68,6.8
./datasets/data/wav/audiocaps/test/104027.wav,7.21,9.33
./datasets/data/wav/audiocaps/test/104033.wav,7.4,9.0
./datasets/data/wav/audiocaps/test/104034.wav,7.2,0.33
./datasets/data/wav/audiocaps/test/104036.wav,7.67,7.5
./datasets/data/wav/audiocaps/test/104042.wav,7.75,8.0
./datasets/data/wav/audiocaps/test/104078.wav,7.97,6.5
./datasets/data/wav/audiocaps/test/104106.wav,6.92,4.83
./datasets/data/wav/audiocaps/test/104113.wav,7.46,10.0
./datasets/data/wav/audiocaps/test/104118.wav,6.82,5.5
./datasets/data/wav/audiocaps/test/104120.wav,9.06,9.0
./datasets/data/wav/audiocaps/test/104121.wav,9.36,10.0
./datasets/data/wav/audiocaps/test/104123.wav,6.78,7.0
./datasets/data/wav/audiocaps/test/104124.wav,7.76,7.25
./datasets/data/wav/audiocaps/test/104149.wav,7.39,8.75
./datasets/data/wav/audiocaps/test/104158.wav,7.9,8.0
./datasets/data/wav/audiocaps/test/104165.wav,8.81,7.5
./datasets/data/wav/audiocaps/test/104175.wav,7.32,7.8
./datasets/data/wav/audiocaps/test/104187.wav,7.06,10.0
./datasets/data/wav/audiocaps/test/104192.wav,8.56,9.25
./datasets/data/wav/audiocaps/test/104196.wav,9.01,9.12
./datasets/data/wav/audiocaps/test/104197.wav,7.77,9.0
./datasets/data/wav/audiocaps/test/104203.wav,5.8,10.0
./datasets/data/wav/audiocaps/test/104204.wav,5.38,2.5
./datasets/data/wav/audiocaps/test/104219.wav,9.36,9.6
./datasets/data/wav/audiocaps/test/104228.wav,7.67,8.33
./datasets/data/wav/audiocaps/test/104230.wav,7.54,9.0
./datasets/data/wav/audiocaps/test/104236.wav,9.18,8.0
./datasets/data/wav/audiocaps/test/104251.wav,7.59,7.5
./datasets/data/wav/audiocaps/test/104278.wav,9.19,10.0
./datasets/data/wav/audiocaps/test/104285.wav,8.72,8.0
./datasets/data/wav/audiocaps/test/104291.wav,8.94,6.8
./datasets/data/wav/audiocaps/test/104306.wav,9.06,10.0
./datasets/data/wav/audiocaps/test/104328.wav,7.8,8.0
./datasets/data/wav/audiocaps/test/104352.wav,7.13,7.0
./datasets/data/wav/audiocaps/test/104361.wav,6.04,7.67
./datasets/data/wav/audiocaps/test/104373.wav,7.13,10.0
./datasets/data/wav/audiocaps/test/104382.wav,8.99,9.0
./datasets/data/wav/audiocaps/test/104394.wav,7.74,6.33
./datasets/data/wav/audiocaps/test/104395.wav,7.42,10.0
./datasets/data/wav/audiocaps/test/104423.wav,6.63,7.67
./datasets/data/wav/audiocaps/test/104434.wav,7.37,9.33
./datasets/data/wav/audiocaps/test/104438.wav,7.37,6.5
./datasets/data/wav/audiocaps/test/104448.wav,8.51,8.0
./datasets/data/wav/audiocaps/test/104452.wav,8.34,8.17
./datasets/data/wav/audiocaps/test/104453.wav,8.51,7.25
./datasets/data/wav/audiocaps/test/104462.wav,6.79,3.2
./datasets/data/wav/audiocaps/test/104464.wav,6.13,0.0
./datasets/data/wav/audiocaps/test/104473.wav,7.78,9.8
./datasets/data/wav/audiocaps/test/104477.wav,8.01,7.8
./datasets/data/wav/audiocaps/test/104479.wav,7.56,9.5
./datasets/data/wav/audiocaps/test/104480.wav,6.51,10.0
./datasets/data/wav/audiocaps/test/104481.wav,5.51,10.0
./datasets/data/wav/audiocaps/test/104482.wav,6.17,9.0
./datasets/data/wav/audiocaps/test/104483.wav,7.62,9.33
./datasets/data/wav/audiocaps/test/104489.wav,8.83,10.0
./datasets/data/wav/audiocaps/test/104510.wav,7.77,10.0
./datasets/data/wav/audiocaps/test/104512.wav,8.01,8.17
./datasets/data/wav/audiocaps/test/104529.wav,8.03,4.25
./datasets/data/wav/audiocaps/test/104562.wav,8.56,9.33
./datasets/data/wav/audiocaps/test/104568.wav,8.01,7.67
./datasets/data/wav/audiocaps/test/104581.wav,8.6,5.67
./datasets/data/wav/audiocaps/test/104584.wav,7.82,2.5
./datasets/data/wav/audiocaps/test/104596.wav,9.01,0.0
./datasets/data/wav/audiocaps/test/104600.wav,9.13,10.0
./datasets/data/wav/audiocaps/test/104619.wav,6.79,4.0
./datasets/data/wav/audiocaps/test/104624.wav,7.84,10.0
./datasets/data/wav/audiocaps/test/104628.wav,6.94,7.0
./datasets/data/wav/audiocaps/test/104658.wav,6.42,3.0
./datasets/data/wav/audiocaps/test/104668.wav,6.72,9.0
./datasets/data/wav/audiocaps/test/104686.wav,7.43,10.0
./datasets/data/wav/audiocaps/test/104696.wav,7.22,10.0
./datasets/data/wav/audiocaps/test/104699.wav,7.41,6.67
./datasets/data/wav/audiocaps/test/104731.wav,6.96,2.0
./datasets/data/wav/audiocaps/test/104740.wav,8.57,8.0
./datasets/data/wav/audiocaps/test/104756.wav,7.83,4.0
./datasets/data/wav/audiocaps/test/104774.wav,8.29,7.5
./datasets/data/wav/audiocaps/test/104788.wav,4.86,10.0
./datasets/data/wav/audiocaps/test/104791.wav,6.93,10.0
./datasets/data/wav/audiocaps/test/104797.wav,7.11,9.33
./datasets/data/wav/audiocaps/test/104798.wav,8.22,9.4
./datasets/data/wav/audiocaps/test/104806.wav,8.31,7.5
./datasets/data/wav/audiocaps/test/104809.wav,9.02,10.0
./datasets/data/wav/audiocaps/test/104811.wav,9.62,6.0
./datasets/data/wav/audiocaps/test/104817.wav,9.06,6.2
./datasets/data/wav/audiocaps/test/104820.wav,8.06,6.4
./datasets/data/wav/audiocaps/test/104836.wav,7.78,9.67
./datasets/data/wav/audiocaps/test/104843.wav,6.68,9.33
./datasets/data/wav/audiocaps/test/104855.wav,7.62,9.5
./datasets/data/wav/audiocaps/test/104861.wav,8.18,9.0
./datasets/data/wav/audiocaps/test/104875.wav,9.01,8.67
./datasets/data/wav/audiocaps/test/104879.wav,8.65,10.0
./datasets/data/wav/audiocaps/test/104888.wav,7.57,7.0
./datasets/data/wav/audiocaps/test/104900.wav,7.04,9.33
./datasets/data/wav/audiocaps/test/104901.wav,7.58,9.25
./datasets/data/wav/audiocaps/test/104908.wav,7.61,7.0
./datasets/data/wav/audiocaps/test/104913.wav,5.52,5.5
./datasets/data/wav/audiocaps/test/104916.wav,8.14,8.25
./datasets/data/wav/audiocaps/test/104928.wav,9.03,10.0
./datasets/data/wav/audiocaps/test/104943.wav,7.76,10.0
./datasets/data/wav/audiocaps/test/104952.wav,8.73,9.5
./datasets/data/wav/audiocaps/test/104969.wav,6.66,6.0
./datasets/data/wav/audiocaps/test/104976.wav,8.53,5.0
./datasets/data/wav/audiocaps/test/105014.wav,7.57,5.25
./datasets/data/wav/audiocaps/test/105015.wav,5.88,8.17
./datasets/data/wav/audiocaps/test/105039.wav,7.73,9.33
./datasets/data/wav/audiocaps/test/105041.wav,6.84,10.0
./datasets/data/wav/audiocaps/test/105047.wav,7.03,7.33
./datasets/data/wav/audiocaps/test/105054.wav,7.52,10.0
./datasets/data/wav/audiocaps/test/105063.wav,7.81,6.67
./datasets/data/wav/audiocaps/test/105066.wav,5.41,5.75
./datasets/data/wav/audiocaps/test/105090.wav,5.51,10.0
./datasets/data/wav/audiocaps/test/105093.wav,7.39,6.0
./datasets/data/wav/audiocaps/test/105102.wav,7.85,6.8
./datasets/data/wav/audiocaps/test/105114.wav,8.3,10.0
./datasets/data/wav/audiocaps/test/105123.wav,7.92,10.0
./datasets/data/wav/audiocaps/test/105139.wav,7.92,2.5
./datasets/data/wav/audiocaps/test/105144.wav,7.54,9.5
./datasets/data/wav/audiocaps/test/105170.wav,7.52,8.5
./datasets/data/wav/audiocaps/test/105183.wav,8.93,10.0
./datasets/data/wav/audiocaps/test/105190.wav,7.42,10.0
./datasets/data/wav/audiocaps/test/105201.wav,7.74,7.8
./datasets/data/wav/audiocaps/test/105205.wav,7.46,7.25
./datasets/data/wav/audiocaps/test/105217.wav,8.75,8.0
./datasets/data/wav/audiocaps/test/105230.wav,7.84,8.5
./datasets/data/wav/audiocaps/test/105231.wav,6.83,9.0
./datasets/data/wav/audiocaps/test/105242.wav,8.8,9.67
./datasets/data/wav/audiocaps/test/105243.wav,8.38,6.0
./datasets/data/wav/audiocaps/test/105257.wav,6.79,9.0
./datasets/data/wav/audiocaps/test/105272.wav,7.04,8.0
./datasets/data/wav/audiocaps/test/105288.wav,8.3,9.33
./datasets/data/wav/audiocaps/test/105319.wav,6.92,1.0
./datasets/data/wav/audiocaps/test/105324.wav,7.19,5.5
./datasets/data/wav/audiocaps/test/105345.wav,8.28,2.33
./datasets/data/wav/audiocaps/test/105348.wav,8.56,9.83
./datasets/data/wav/audiocaps/test/105354.wav,7.58,5.67
./datasets/data/wav/audiocaps/test/105355.wav,8.35,7.0
./datasets/data/wav/audiocaps/test/105363.wav,7.94,10.0
./datasets/data/wav/audiocaps/test/105387.wav,7.97,10.0
./datasets/data/wav/audiocaps/test/105388.wav,8.31,10.0
./datasets/data/wav/audiocaps/test/105397.wav,8.33,4.0
./datasets/data/wav/audiocaps/test/105422.wav,9.07,9.67
./datasets/data/wav/audiocaps/test/105436.wav,9.19,9.0
./datasets/data/wav/audiocaps/test/105474.wav,7.45,9.83
./datasets/data/wav/audiocaps/test/105488.wav,8.44,5.0
./datasets/data/wav/audiocaps/test/105493.wav,8.69,8.0
./datasets/data/wav/audiocaps/test/105503.wav,8.92,8.0
./datasets/data/wav/audiocaps/test/105507.wav,7.32,10.0
./datasets/data/wav/audiocaps/test/105511.wav,9.08,9.67
./datasets/data/wav/audiocaps/test/105513.wav,8.08,9.0
./datasets/data/wav/audiocaps/test/105523.wav,8.31,9.0
./datasets/data/wav/audiocaps/test/105539.wav,6.36,6.5
./datasets/data/wav/audiocaps/test/105575.wav,7.77,8.0
./datasets/data/wav/audiocaps/test/105584.wav,6.28,9.25
./datasets/data/wav/audiocaps/test/105594.wav,6.78,9.86
./datasets/data/wav/audiocaps/test/105595.wav,6.43,4.6
./datasets/data/wav/audiocaps/test/105614.wav,8.4,10.0
./datasets/data/wav/audiocaps/test/105615.wav,8.94,6.0
./datasets/data/wav/audiocaps/test/105627.wav,9.41,10.0
./datasets/data/wav/audiocaps/test/105639.wav,7.82,7.0
./datasets/data/wav/audiocaps/test/105655.wav,5.4,5.33
./datasets/data/wav/audiocaps/test/105677.wav,8.55,9.33
./datasets/data/wav/audiocaps/test/105679.wav,7.1,4.5
./datasets/data/wav/audiocaps/test/105694.wav,6.86,7.67
./datasets/data/wav/audiocaps/test/105704.wav,9.47,10.0
./datasets/data/wav/audiocaps/test/105742.wav,7.39,10.0
./datasets/data/wav/audiocaps/test/105745.wav,7.19,7.5
./datasets/data/wav/audiocaps/test/105764.wav,7.87,1.5
./datasets/data/wav/audiocaps/test/105770.wav,8.44,10.0
./datasets/data/wav/audiocaps/test/105786.wav,8.26,8.0
./datasets/data/wav/audiocaps/test/105802.wav,8.69,10.0
./datasets/data/wav/audiocaps/test/105832.wav,9.15,6.8
./datasets/data/wav/audiocaps/test/105853.wav,8.99,2.0
./datasets/data/wav/audiocaps/test/105856.wav,7.52,9.75
./datasets/data/wav/audiocaps/test/105862.wav,8.07,6.25
./datasets/data/wav/audiocaps/test/105870.wav,6.86,9.33
./datasets/data/wav/audiocaps/test/105905.wav,6.07,10.0
./datasets/data/wav/audiocaps/test/105906.wav,9.04,10.0
./datasets/data/wav/audiocaps/test/105908.wav,8.77,7.5
./datasets/data/wav/audiocaps/test/105917.wav,6.19,0.0
./datasets/data/wav/audiocaps/test/105924.wav,7.49,9.0
./datasets/data/wav/audiocaps/test/105926.wav,7.5,5.25
./datasets/data/wav/audiocaps/test/105953.wav,8.4,10.0
./datasets/data/wav/audiocaps/test/105960.wav,8.02,10.0
./datasets/data/wav/audiocaps/test/105983.wav,7.63,8.5
./datasets/data/wav/audiocaps/test/105988.wav,8.91,10.0
./datasets/data/wav/audiocaps/test/106004.wav,5.38,1.0
./datasets/data/wav/audiocaps/test/106005.wav,7.31,3.67
./datasets/data/wav/audiocaps/test/106022.wav,8.32,10.0
./datasets/data/wav/audiocaps/test/106026.wav,8.28,9.5
./datasets/data/wav/audiocaps/test/106034.wav,7.7,10.0
./datasets/data/wav/audiocaps/test/106041.wav,8.53,10.0
./datasets/data/wav/audiocaps/test/106042.wav,8.35,6.67
./datasets/data/wav/audiocaps/test/106050.wav,8.24,10.0
./datasets/data/wav/audiocaps/test/106056.wav,5.38,3.67
./datasets/data/wav/audiocaps/test/106065.wav,9.17,8.0
./datasets/data/wav/audiocaps/test/106067.wav,7.5,9.17
./datasets/data/wav/audiocaps/test/106072.wav,6.96,9.8
./datasets/data/wav/audiocaps/test/106087.wav,8.61,8.67
./datasets/data/wav/audiocaps/test/106096.wav,6.35,10.0
./datasets/data/wav/audiocaps/test/106097.wav,8.11,4.0
./datasets/data/wav/audiocaps/test/106168.wav,8.47,4.0
./datasets/data/wav/audiocaps/test/106188.wav,5.93,10.0
./datasets/data/wav/audiocaps/test/106198.wav,6.53,7.67
./datasets/data/wav/audiocaps/test/106213.wav,6.94,8.67
./datasets/data/wav/audiocaps/test/106215.wav,7.55,8.0
./datasets/data/wav/audiocaps/test/106256.wav,7.42,10.0
./datasets/data/wav/audiocaps/test/106271.wav,7.44,7.5
./datasets/data/wav/audiocaps/test/106288.wav,7.19,4.75
./datasets/data/wav/audiocaps/test/106333.wav,7.81,9.33
./datasets/data/wav/audiocaps/test/106349.wav,5.88,10.0
./datasets/data/wav/audiocaps/test/106382.wav,6.83,8.5
./datasets/data/wav/audiocaps/test/106388.wav,8.92,7.0
./datasets/data/wav/audiocaps/test/106401.wav,4.88,9.0
./datasets/data/wav/audiocaps/test/106433.wav,7.97,9.67
./datasets/data/wav/audiocaps/test/106441.wav,8.18,9.83
./datasets/data/wav/audiocaps/test/106465.wav,6.41,8.6
./datasets/data/wav/audiocaps/test/106473.wav,7.68,8.67
./datasets/data/wav/audiocaps/test/106479.wav,8.33,8.0
./datasets/data/wav/audiocaps/test/106482.wav,8.51,4.5
./datasets/data/wav/audiocaps/test/106483.wav,7.43,8.0
./datasets/data/wav/audiocaps/test/106491.wav,7.31,7.33
./datasets/data/wav/audiocaps/test/106494.wav,7.12,9.25
./datasets/data/wav/audiocaps/test/106508.wav,8.55,9.67
./datasets/data/wav/audiocaps/test/106510.wav,7.63,9.33
./datasets/data/wav/audiocaps/test/106514.wav,8.25,7.0
./datasets/data/wav/audiocaps/test/106525.wav,7.02,8.0
./datasets/data/wav/audiocaps/test/106534.wav,6.19,4.0
./datasets/data/wav/audiocaps/test/106562.wav,7.47,10.0
./datasets/data/wav/audiocaps/test/106564.wav,7.4,10.0
./datasets/data/wav/audiocaps/test/106570.wav,7.67,7.33
./datasets/data/wav/audiocaps/test/106613.wav,6.35,6.0
./datasets/data/wav/audiocaps/test/106623.wav,8.29,0.0
./datasets/data/wav/audiocaps/test/106625.wav,8.73,8.5
./datasets/data/wav/audiocaps/test/106628.wav,7.21,9.4
./datasets/data/wav/audiocaps/test/106637.wav,8.96,7.0
./datasets/data/wav/audiocaps/test/106648.wav,8.2,10.0
./datasets/data/wav/audiocaps/test/106662.wav,6.78,8.75
./datasets/data/wav/audiocaps/test/106677.wav,7.57,6.75
./datasets/data/wav/audiocaps/test/106695.wav,8.39,8.0
./datasets/data/wav/audiocaps/test/106699.wav,7.2,9.5
./datasets/data/wav/audiocaps/test/106701.wav,7.91,9.5
./datasets/data/wav/audiocaps/test/106738.wav,7.59,5.0
./datasets/data/wav/audiocaps/test/106754.wav,9.23,10.0
./datasets/data/wav/audiocaps/test/106758.wav,8.48,7.33
./datasets/data/wav/audiocaps/test/106762.wav,6.5,6.67
./datasets/data/wav/audiocaps/test/106768.wav,7.23,4.75
./datasets/data/wav/audiocaps/test/106775.wav,7.08,6.0
./datasets/data/wav/audiocaps/test/106786.wav,7.3,3.0
./datasets/data/wav/audiocaps/test/106790.wav,8.12,10.0
./datasets/data/wav/audiocaps/test/106821.wav,8.3,4.5
./datasets/data/wav/audiocaps/test/106845.wav,8.8,9.67
./datasets/data/wav/audiocaps/test/106858.wav,8.58,8.0
./datasets/data/wav/audiocaps/test/106860.wav,9.84,9.0
./datasets/data/wav/audiocaps/test/106868.wav,7.78,6.75
./datasets/data/wav/audiocaps/test/106869.wav,8.6,5.0
./datasets/data/wav/audiocaps/test/106890.wav,8.71,2.0
./datasets/data/wav/audiocaps/test/106891.wav,6.85,10.0
./datasets/data/wav/audiocaps/test/106898.wav,7.41,5.0
./datasets/data/wav/audiocaps/test/106921.wav,5.62,6.33
./datasets/data/wav/audiocaps/test/106939.wav,8.75,7.0
./datasets/data/wav/audiocaps/test/106960.wav,7.53,1.83
./datasets/data/wav/audiocaps/test/106961.wav,7.78,10.0
./datasets/data/wav/audiocaps/test/107013.wav,8.47,6.0
./datasets/data/wav/audiocaps/test/107014.wav,8.6,7.5
./datasets/data/wav/audiocaps/test/107015.wav,7.95,10.0
./datasets/data/wav/audiocaps/test/107020.wav,7.16,9.0
./datasets/data/wav/audiocaps/test/107048.wav,7.01,2.0
./datasets/data/wav/audiocaps/test/107050.wav,7.48,5.67
./datasets/data/wav/audiocaps/test/107054.wav,7.32,6.75
./datasets/data/wav/audiocaps/test/107064.wav,4.59,5.5
./datasets/data/wav/audiocaps/test/107067.wav,8.26,8.67
./datasets/data/wav/audiocaps/test/107073.wav,7.65,10.0
./datasets/data/wav/audiocaps/test/107080.wav,9.44,10.0
./datasets/data/wav/audiocaps/test/107084.wav,8.22,10.0
./datasets/data/wav/audiocaps/test/107124.wav,7.56,9.0
./datasets/data/wav/audiocaps/test/107127.wav,8.6,7.83
./datasets/data/wav/audiocaps/test/107182.wav,8.34,9.0
./datasets/data/wav/audiocaps/test/107207.wav,9.46,9.33
./datasets/data/wav/audiocaps/test/107245.wav,7.48,7.0
./datasets/data/wav/audiocaps/test/107252.wav,8.49,10.0
./datasets/data/wav/audiocaps/test/107267.wav,7.51,8.0
./datasets/data/wav/audiocaps/test/107271.wav,7.19,8.67
./datasets/data/wav/audiocaps/test/107272.wav,8.26,10.0
./datasets/data/wav/audiocaps/test/107273.wav,6.91,9.6
./datasets/data/wav/audiocaps/test/107277.wav,8.6,10.0
./datasets/data/wav/audiocaps/test/107294.wav,8.79,10.0
./datasets/data/wav/audiocaps/test/107305.wav,7.03,8.0
./datasets/data/wav/audiocaps/test/107325.wav,7.57,3.0
./datasets/data/wav/audiocaps/test/107335.wav,8.03,9.0
./datasets/data/wav/audiocaps/test/107337.wav,8.84,10.0
./datasets/data/wav/audiocaps/test/107346.wav,7.21,9.5
./datasets/data/wav/audiocaps/test/107364.wav,7.87,8.0
./datasets/data/wav/audiocaps/test/107383.wav,8.34,8.4
./datasets/data/wav/audiocaps/test/107426.wav,7.93,7.0
./datasets/data/wav/audiocaps/test/1167.wav,8.05,5.5
./datasets/data/wav/audiocaps/test/11680.wav,6.09,8.2
./datasets/data/wav/audiocaps/test/15988.wav,8.98,9.83
./datasets/data/wav/audiocaps/test/16723.wav,7.42,8.0
./datasets/data/wav/audiocaps/test/17223.wav,7.79,9.33
./datasets/data/wav/audiocaps/test/17422.wav,7.32,6.8
./datasets/data/wav/audiocaps/test/17833.wav,7.46,8.17
./datasets/data/wav/audiocaps/test/18515.wav,7.38,10.0
./datasets/data/wav/audiocaps/test/20465.wav,6.39,6.5
./datasets/data/wav/audiocaps/test/21971.wav,8.45,8.5
./datasets/data/wav/audiocaps/test/22333.wav,9.14,9.0
./datasets/data/wav/audiocaps/test/22666.wav,6.7,8.0
./datasets/data/wav/audiocaps/test/23160.wav,8.28,10.0
./datasets/data/wav/audiocaps/test/23582.wav,7.99,7.71
./datasets/data/wav/audiocaps/test/24607.wav,7.91,10.0
./datasets/data/wav/audiocaps/test/27464.wav,9.84,7.75
./datasets/data/wav/audiocaps/test/27609.wav,8.93,8.2
./datasets/data/wav/audiocaps/test/2891.wav,6.74,6.0
./datasets/data/wav/audiocaps/test/4626.wav,7.56,6.67
./datasets/data/wav/audiocaps/test/5548.wav,8.24,9.5
./datasets/data/wav/audiocaps/test/6291.wav,7.78,10.0
./datasets/data/wav/audiocaps/test/6658.wav,6.71,4.0
./datasets/data/wav/audiocaps/test/6991.wav,8.53,8.67
./datasets/data/wav/audiocaps/test/8278.wav,8.07,7.0
./datasets/data/wav/audiocaps/test/8289.wav,6.53,9.67
./datasets/data/wav/audiocaps/test/8690.wav,6.56,5.0
./datasets/data/wav/audiocaps/test/9031.wav,8.94,4.0
./datasets/data/wav/audiocaps/test/90594.wav,6.49,9.0
./datasets/data/wav/audiocaps/test/93810.wav,8.11,9.25
./datasets/data/wav/audiocaps/test/9429.wav,8.52,8.0
./datasets/data/wav/audiocaps/test/9887.wav,6.04,10.0
./datasets/data/wav/audioldm/test/10176.wav,2.94,1.0
./datasets/data/wav/audioldm/test/102738.wav,4.91,6.43
./datasets/data/wav/audioldm/test/102771.wav,4.85,5.0
./datasets/data/wav/audioldm/test/102783.wav,6.33,4.4
./datasets/data/wav/audioldm/test/102852.wav,5.85,9.67
./datasets/data/wav/audioldm/test/102884.wav,5.07,0.5
./datasets/data/wav/audioldm/test/102903.wav,4.08,3.0
./datasets/data/wav/audioldm/test/102972.wav,6.21,8.5
./datasets/data/wav/audioldm/test/102975.wav,4.31,6.0
./datasets/data/wav/audioldm/test/102976.wav,3.34,7.6
./datasets/data/wav/audioldm/test/102997.wav,6.12,6.0
./datasets/data/wav/audioldm/test/103001.wav,5.94,5.0
./datasets/data/wav/audioldm/test/103022.wav,5.68,8.6
./datasets/data/wav/audioldm/test/103040.wav,5.6,3.0
./datasets/data/wav/audioldm/test/103056.wav,4.8,6.0
./datasets/data/wav/audioldm/test/103061.wav,5.77,4.6
./datasets/data/wav/audioldm/test/103132.wav,4.52,1.0
./datasets/data/wav/audioldm/test/103137.wav,3.56,10.0
./datasets/data/wav/audioldm/test/103153.wav,5.92,1.0
./datasets/data/wav/audioldm/test/103210.wav,6.45,7.0
./datasets/data/wav/audioldm/test/103254.wav,5.39,8.0
./datasets/data/wav/audioldm/test/103284.wav,4.32,2.0
./datasets/data/wav/audioldm/test/103290.wav,5.37,3.33
./datasets/data/wav/audioldm/test/103311.wav,5.42,4.67
./datasets/data/wav/audioldm/test/103312.wav,3.77,6.0
./datasets/data/wav/audioldm/test/103315.wav,6.31,5.0
./datasets/data/wav/audioldm/test/103334.wav,4.56,9.5
./datasets/data/wav/audioldm/test/103348.wav,4.95,2.0
./datasets/data/wav/audioldm/test/103372.wav,3.94,3.33
./datasets/data/wav/audioldm/test/103379.wav,6.24,6.0
./datasets/data/wav/audioldm/test/103382.wav,4.65,3.33
./datasets/data/wav/audioldm/test/103432.wav,5.26,2.0
./datasets/data/wav/audioldm/test/103481.wav,6.39,7.0
./datasets/data/wav/audioldm/test/103490.wav,4.45,2.5
./datasets/data/wav/audioldm/test/103499.wav,5.17,3.25
./datasets/data/wav/audioldm/test/103508.wav,4.1,1.67
./datasets/data/wav/audioldm/test/103543.wav,6.05,6.33
./datasets/data/wav/audioldm/test/103549.wav,6.72,5.0
./datasets/data/wav/audioldm/test/103570.wav,4.59,8.67
./datasets/data/wav/audioldm/test/103607.wav,6.25,2.0
./datasets/data/wav/audioldm/test/103615.wav,5.0,7.67
./datasets/data/wav/audioldm/test/103652.wav,4.1,2.5
./datasets/data/wav/audioldm/test/103666.wav,5.3,6.33
./datasets/data/wav/audioldm/test/103669.wav,6.13,5.33
./datasets/data/wav/audioldm/test/103707.wav,3.88,1.0
./datasets/data/wav/audioldm/test/103710.wav,6.01,7.17
./datasets/data/wav/audioldm/test/103716.wav,6.55,2.0
./datasets/data/wav/audioldm/test/103823.wav,5.06,4.0
./datasets/data/wav/audioldm/test/103832.wav,4.28,9.0
./datasets/data/wav/audioldm/test/103843.wav,4.23,3.0
./datasets/data/wav/audioldm/test/103872.wav,4.91,8.0
./datasets/data/wav/audioldm/test/103874.wav,5.49,8.0
./datasets/data/wav/audioldm/test/103887.wav,6.76,0.67
./datasets/data/wav/audioldm/test/103921.wav,6.0,6.5
./datasets/data/wav/audioldm/test/103984.wav,5.15,10.0
./datasets/data/wav/audioldm/test/103985.wav,6.67,4.8
./datasets/data/wav/audioldm/test/104016.wav,5.47,7.0
./datasets/data/wav/audioldm/test/104027.wav,6.26,7.0
./datasets/data/wav/audioldm/test/104033.wav,4.44,1.5
./datasets/data/wav/audioldm/test/104042.wav,3.69,8.5
./datasets/data/wav/audioldm/test/104078.wav,6.28,5.0
./datasets/data/wav/audioldm/test/104120.wav,5.23,8.0
./datasets/data/wav/audioldm/test/104124.wav,4.49,6.75
./datasets/data/wav/audioldm/test/104149.wav,4.8,5.0
./datasets/data/wav/audioldm/test/104158.wav,5.35,7.0
./datasets/data/wav/audioldm/test/104165.wav,5.88,5.0
./datasets/data/wav/audioldm/test/104192.wav,6.16,2.0
./datasets/data/wav/audioldm/test/104197.wav,6.33,5.75
./datasets/data/wav/audioldm/test/104219.wav,5.91,2.2
./datasets/data/wav/audioldm/test/104230.wav,4.7,9.0
./datasets/data/wav/audioldm/test/104236.wav,5.86,4.5
./datasets/data/wav/audioldm/test/104251.wav,3.46,7.5
./datasets/data/wav/audioldm/test/104291.wav,4.76,1.6
./datasets/data/wav/audioldm/test/104328.wav,7.17,10.0
./datasets/data/wav/audioldm/test/104361.wav,4.75,6.67
./datasets/data/wav/audioldm/test/104452.wav,4.53,8.17
./datasets/data/wav/audioldm/test/104453.wav,5.67,6.25
./datasets/data/wav/audioldm/test/104462.wav,4.14,9.4
./datasets/data/wav/audioldm/test/104480.wav,6.65,6.5
./datasets/data/wav/audioldm/test/104481.wav,4.96,4.0
./datasets/data/wav/audioldm/test/104482.wav,5.1,4.6
./datasets/data/wav/audioldm/test/104483.wav,4.65,8.0
./datasets/data/wav/audioldm/test/104510.wav,4.01,0.0
./datasets/data/wav/audioldm/test/104529.wav,4.0,6.5
./datasets/data/wav/audioldm/test/104568.wav,6.19,6.33
./datasets/data/wav/audioldm/test/104584.wav,4.84,1.5
./datasets/data/wav/audioldm/test/104619.wav,4.85,4.0
./datasets/data/wav/audioldm/test/104628.wav,5.02,2.0
./datasets/data/wav/audioldm/test/104699.wav,6.15,3.33
./datasets/data/wav/audioldm/test/104740.wav,5.36,6.5
./datasets/data/wav/audioldm/test/104756.wav,4.93,1.25
./datasets/data/wav/audioldm/test/104788.wav,4.47,8.0
./datasets/data/wav/audioldm/test/104806.wav,5.22,5.25
./datasets/data/wav/audioldm/test/104843.wav,3.47,1.67
./datasets/data/wav/audioldm/test/104879.wav,4.82,3.0
./datasets/data/wav/audioldm/test/104900.wav,5.73,8.0
./datasets/data/wav/audioldm/test/104913.wav,6.25,3.5
./datasets/data/wav/audioldm/test/104943.wav,4.51,10.0
./datasets/data/wav/audioldm/test/104952.wav,5.7,6.0
./datasets/data/wav/audioldm/test/104976.wav,4.62,3.0
./datasets/data/wav/audioldm/test/105014.wav,6.09,7.0
./datasets/data/wav/audioldm/test/105015.wav,5.0,9.0
./datasets/data/wav/audioldm/test/105047.wav,4.71,0.67
./datasets/data/wav/audioldm/test/105063.wav,5.86,2.33
./datasets/data/wav/audioldm/test/105066.wav,3.46,4.75
./datasets/data/wav/audioldm/test/105093.wav,5.23,2.0
./datasets/data/wav/audioldm/test/105102.wav,5.09,3.8
./datasets/data/wav/audioldm/test/105170.wav,4.93,2.0
./datasets/data/wav/audioldm/test/105201.wav,6.28,9.4
./datasets/data/wav/audioldm/test/105230.wav,5.86,3.0
./datasets/data/wav/audioldm/test/105231.wav,4.35,3.0
./datasets/data/wav/audioldm/test/105242.wav,7.21,10.0
./datasets/data/wav/audioldm/test/105243.wav,4.91,5.67
./datasets/data/wav/audioldm/test/105257.wav,4.58,9.0
./datasets/data/wav/audioldm/test/105272.wav,7.24,4.33
./datasets/data/wav/audioldm/test/105319.wav,5.7,9.5
./datasets/data/wav/audioldm/test/105345.wav,4.86,6.0
./datasets/data/wav/audioldm/test/105348.wav,6.37,6.5
./datasets/data/wav/audioldm/test/105354.wav,3.61,4.0
./datasets/data/wav/audioldm/test/105355.wav,5.82,8.0
./datasets/data/wav/audioldm/test/105397.wav,3.97,6.33
./datasets/data/wav/audioldm/test/105436.wav,5.99,7.67
./datasets/data/wav/audioldm/test/105503.wav,5.38,2.0
./datasets/data/wav/audioldm/test/105507.wav,4.97,2.0
./datasets/data/wav/audioldm/test/105511.wav,3.91,5.0
./datasets/data/wav/audioldm/test/105539.wav,5.39,5.5
./datasets/data/wav/audioldm/test/105575.wav,5.2,3.0
./datasets/data/wav/audioldm/test/105584.wav,5.93,7.5
./datasets/data/wav/audioldm/test/105594.wav,5.97,4.57
./datasets/data/wav/audioldm/test/105595.wav,4.66,6.4
./datasets/data/wav/audioldm/test/105615.wav,5.23,0.0
./datasets/data/wav/audioldm/test/105639.wav,4.68,8.0
./datasets/data/wav/audioldm/test/105655.wav,5.61,1.67
./datasets/data/wav/audioldm/test/105677.wav,5.27,10.0
./datasets/data/wav/audioldm/test/105679.wav,4.51,4.25
./datasets/data/wav/audioldm/test/105704.wav,7.75,10.0
./datasets/data/wav/audioldm/test/105742.wav,4.08,1.0
./datasets/data/wav/audioldm/test/105745.wav,6.05,6.75
./datasets/data/wav/audioldm/test/105786.wav,4.5,3.0
./datasets/data/wav/audioldm/test/105802.wav,7.48,3.5
./datasets/data/wav/audioldm/test/105832.wav,6.14,3.6
./datasets/data/wav/audioldm/test/105856.wav,3.81,4.5
./datasets/data/wav/audioldm/test/105862.wav,6.73,10.0
./datasets/data/wav/audioldm/test/105906.wav,6.51,10.0
./datasets/data/wav/audioldm/test/105908.wav,5.38,10.0
./datasets/data/wav/audioldm/test/105917.wav,3.44,4.0
./datasets/data/wav/audioldm/test/105924.wav,6.26,6.5
./datasets/data/wav/audioldm/test/105926.wav,3.56,1.25
./datasets/data/wav/audioldm/test/105953.wav,6.43,4.67
./datasets/data/wav/audioldm/test/105960.wav,3.89,1.0
./datasets/data/wav/audioldm/test/105983.wav,5.81,9.5
./datasets/data/wav/audioldm/test/106004.wav,3.78,5.0
./datasets/data/wav/audioldm/test/106005.wav,4.79,4.67
./datasets/data/wav/audioldm/test/106026.wav,4.95,6.0
./datasets/data/wav/audioldm/test/106034.wav,6.06,6.67
./datasets/data/wav/audioldm/test/106042.wav,5.12,3.0
./datasets/data/wav/audioldm/test/106168.wav,4.38,1.2
./datasets/data/wav/audioldm/test/106188.wav,4.58,7.0
./datasets/data/wav/audioldm/test/106198.wav,6.18,4.67
./datasets/data/wav/audioldm/test/106213.wav,5.07,9.0
./datasets/data/wav/audioldm/test/106382.wav,6.48,1.0
./datasets/data/wav/audioldm/test/106433.wav,4.41,10.0
./datasets/data/wav/audioldm/test/106441.wav,4.76,5.67
./datasets/data/wav/audioldm/test/106473.wav,5.54,10.0
./datasets/data/wav/audioldm/test/106483.wav,5.44,8.0
./datasets/data/wav/audioldm/test/106510.wav,6.98,10.0
./datasets/data/wav/audioldm/test/106564.wav,4.77,10.0
./datasets/data/wav/audioldm/test/106613.wav,5.69,8.0
./datasets/data/wav/audioldm/test/106625.wav,6.49,5.0
./datasets/data/wav/audioldm/test/106628.wav,6.2,4.6
./datasets/data/wav/audioldm/test/106648.wav,4.99,6.0
./datasets/data/wav/audioldm/test/106662.wav,4.2,1.75
./datasets/data/wav/audioldm/test/106738.wav,6.53,6.5
./datasets/data/wav/audioldm/test/106758.wav,4.14,0.67
./datasets/data/wav/audioldm/test/106768.wav,4.46,7.75
./datasets/data/wav/audioldm/test/106775.wav,5.56,8.0
./datasets/data/wav/audioldm/test/106786.wav,3.5,1.0
./datasets/data/wav/audioldm/test/106845.wav,6.12,6.0
./datasets/data/wav/audioldm/test/106858.wav,6.37,8.0
./datasets/data/wav/audioldm/test/106860.wav,5.81,7.0
./datasets/data/wav/audioldm/test/106891.wav,4.85,10.0
./datasets/data/wav/audioldm/test/106898.wav,5.82,10.0
./datasets/data/wav/audioldm/test/106921.wav,6.12,5.33
./datasets/data/wav/audioldm/test/106939.wav,6.28,9.0
./datasets/data/wav/audioldm/test/106960.wav,4.43,4.33
./datasets/data/wav/audioldm/test/106961.wav,3.45,1.0
./datasets/data/wav/audioldm/test/107013.wav,5.53,5.0
./datasets/data/wav/audioldm/test/107020.wav,4.03,2.0
./datasets/data/wav/audioldm/test/107054.wav,4.97,7.0
./datasets/data/wav/audioldm/test/107067.wav,5.57,6.0
./datasets/data/wav/audioldm/test/107073.wav,5.33,5.0
./datasets/data/wav/audioldm/test/107084.wav,6.11,8.0
./datasets/data/wav/audioldm/test/107124.wav,6.58,6.0
./datasets/data/wav/audioldm/test/107127.wav,4.76,1.5
./datasets/data/wav/audioldm/test/107182.wav,6.1,6.5
./datasets/data/wav/audioldm/test/107245.wav,6.26,3.5
./datasets/data/wav/audioldm/test/107273.wav,5.31,7.2
./datasets/data/wav/audioldm/test/107277.wav,6.12,9.33
./datasets/data/wav/audioldm/test/107305.wav,5.3,1.0
./datasets/data/wav/audioldm/test/107335.wav,4.67,4.0
./datasets/data/wav/audioldm/test/107337.wav,5.5,7.0
./datasets/data/wav/audioldm/test/107346.wav,5.23,6.17
./datasets/data/wav/audioldm/test/107364.wav,5.67,5.0
./datasets/data/wav/audioldm/test/107426.wav,4.71,6.5
./datasets/data/wav/audioldm/test/16723.wav,4.91,5.0
./datasets/data/wav/audioldm/test/17223.wav,2.74,0.33
./datasets/data/wav/audioldm/test/20465.wav,3.74,8.0
./datasets/data/wav/audioldm/test/22333.wav,5.68,3.0
./datasets/data/wav/audioldm/test/22666.wav,4.38,1.5
./datasets/data/wav/audioldm/test/23160.wav,5.61,5.67
./datasets/data/wav/audioldm/test/23582.wav,4.82,8.71
./datasets/data/wav/audioldm/test/24607.wav,5.22,5.0
./datasets/data/wav/audioldm/test/27609.wav,5.33,8.8
./datasets/data/wav/audioldm/test/2891.wav,4.58,4.5
./datasets/data/wav/audioldm/test/6991.wav,5.82,4.0
./datasets/data/wav/audioldm/test/8278.wav,4.23,9.0
./datasets/data/wav/audioldm/test/8289.wav,4.84,5.0
./datasets/data/wav/audioldm/test/9031.wav,6.1,4.33
./datasets/data/wav/audioldm/test/90594.wav,5.01,5.0
./datasets/data/wav/audioldm/test/93810.wav,6.12,5.5
./datasets/data/wav/audioldm/test/9887.wav,6.24,0.0
./datasets/data/wav/audioldm2/test/102730.wav,3.95,3.0
./datasets/data/wav/audioldm2/test/102731.wav,4.28,7.33
./datasets/data/wav/audioldm2/test/102751.wav,4.66,10.0
./datasets/data/wav/audioldm2/test/102759.wav,5.06,7.67
./datasets/data/wav/audioldm2/test/102763.wav,4.9,9.0
./datasets/data/wav/audioldm2/test/102794.wav,4.97,5.17
./datasets/data/wav/audioldm2/test/102801.wav,2.88,4.0
./datasets/data/wav/audioldm2/test/102804.wav,3.76,3.33
./datasets/data/wav/audioldm2/test/102820.wav,4.76,6.0
./datasets/data/wav/audioldm2/test/102851.wav,6.07,8.0
./datasets/data/wav/audioldm2/test/102911.wav,5.71,4.0
./datasets/data/wav/audioldm2/test/102923.wav,6.8,10.0
./datasets/data/wav/audioldm2/test/102938.wav,4.99,6.0
./datasets/data/wav/audioldm2/test/102966.wav,5.63,9.0
./datasets/data/wav/audioldm2/test/102971.wav,4.71,1.4
./datasets/data/wav/audioldm2/test/102994.wav,5.65,5.5
./datasets/data/wav/audioldm2/test/103012.wav,5.55,1.0
./datasets/data/wav/audioldm2/test/103036.wav,4.94,4.5
./datasets/data/wav/audioldm2/test/103057.wav,5.34,7.5
./datasets/data/wav/audioldm2/test/103072.wav,4.34,2.0
./datasets/data/wav/audioldm2/test/103136.wav,4.65,9.67
./datasets/data/wav/audioldm2/test/103158.wav,3.46,4.0
./datasets/data/wav/audioldm2/test/103160.wav,2.34,8.0
./datasets/data/wav/audioldm2/test/103163.wav,7.12,1.25
./datasets/data/wav/audioldm2/test/103208.wav,6.06,6.2
./datasets/data/wav/audioldm2/test/103225.wav,5.84,4.0
./datasets/data/wav/audioldm2/test/103233.wav,6.08,1.0
./datasets/data/wav/audioldm2/test/103277.wav,6.08,7.0
./datasets/data/wav/audioldm2/test/103305.wav,5.93,2.33
./datasets/data/wav/audioldm2/test/103352.wav,5.58,8.0
./datasets/data/wav/audioldm2/test/103365.wav,4.32,0.33
./datasets/data/wav/audioldm2/test/103386.wav,4.75,6.0
./datasets/data/wav/audioldm2/test/103468.wav,5.24,4.0
./datasets/data/wav/audioldm2/test/103521.wav,6.98,9.5
./datasets/data/wav/audioldm2/test/103525.wav,5.97,10.0
./datasets/data/wav/audioldm2/test/103527.wav,6.24,5.14
./datasets/data/wav/audioldm2/test/103542.wav,4.73,10.0
./datasets/data/wav/audioldm2/test/103545.wav,4.31,7.0
./datasets/data/wav/audioldm2/test/103565.wav,5.66,4.2
./datasets/data/wav/audioldm2/test/103597.wav,5.64,10.0
./datasets/data/wav/audioldm2/test/103601.wav,4.41,9.33
./datasets/data/wav/audioldm2/test/103638.wav,4.99,6.5
./datasets/data/wav/audioldm2/test/103644.wav,7.03,5.0
./datasets/data/wav/audioldm2/test/103683.wav,5.81,9.0
./datasets/data/wav/audioldm2/test/103690.wav,4.54,4.25
./datasets/data/wav/audioldm2/test/103718.wav,6.07,3.8
./datasets/data/wav/audioldm2/test/103731.wav,4.35,1.0
./datasets/data/wav/audioldm2/test/103779.wav,5.72,5.67
./datasets/data/wav/audioldm2/test/103814.wav,5.03,2.0
./datasets/data/wav/audioldm2/test/103815.wav,4.47,3.33
./datasets/data/wav/audioldm2/test/103899.wav,5.36,8.0
./datasets/data/wav/audioldm2/test/103924.wav,8.97,8.5
./datasets/data/wav/audioldm2/test/103996.wav,3.67,1.25
./datasets/data/wav/audioldm2/test/104008.wav,4.56,2.5
./datasets/data/wav/audioldm2/test/104014.wav,5.51,2.0
./datasets/data/wav/audioldm2/test/104034.wav,7.5,4.67
./datasets/data/wav/audioldm2/test/104036.wav,5.98,4.0
./datasets/data/wav/audioldm2/test/104106.wav,5.7,2.83
./datasets/data/wav/audioldm2/test/104113.wav,5.39,8.0
./datasets/data/wav/audioldm2/test/104118.wav,3.9,5.0
./datasets/data/wav/audioldm2/test/104121.wav,5.64,9.67
./datasets/data/wav/audioldm2/test/104123.wav,3.82,6.0
./datasets/data/wav/audioldm2/test/104175.wav,4.72,9.0
./datasets/data/wav/audioldm2/test/104187.wav,4.79,4.0
./datasets/data/wav/audioldm2/test/104196.wav,5.27,5.25
./datasets/data/wav/audioldm2/test/104203.wav,6.13,10.0
./datasets/data/wav/audioldm2/test/104204.wav,4.89,4.0
./datasets/data/wav/audioldm2/test/104228.wav,5.25,0.33
./datasets/data/wav/audioldm2/test/104278.wav,5.87,8.0
./datasets/data/wav/audioldm2/test/104285.wav,4.05,4.5
./datasets/data/wav/audioldm2/test/104306.wav,5.76,9.4
./datasets/data/wav/audioldm2/test/104352.wav,5.71,6.33
./datasets/data/wav/audioldm2/test/104373.wav,4.14,5.0
./datasets/data/wav/audioldm2/test/104382.wav,4.76,4.0
./datasets/data/wav/audioldm2/test/104394.wav,7.37,4.0
./datasets/data/wav/audioldm2/test/104395.wav,4.4,8.0
./datasets/data/wav/audioldm2/test/104423.wav,7.51,5.0
./datasets/data/wav/audioldm2/test/104434.wav,3.96,2.0
./datasets/data/wav/audioldm2/test/104438.wav,4.67,8.83
./datasets/data/wav/audioldm2/test/104448.wav,5.79,3.0
./datasets/data/wav/audioldm2/test/104464.wav,5.01,5.0
./datasets/data/wav/audioldm2/test/104473.wav,4.58,4.8
./datasets/data/wav/audioldm2/test/104477.wav,4.32,6.2
./datasets/data/wav/audioldm2/test/104479.wav,4.74,3.75
./datasets/data/wav/audioldm2/test/104489.wav,6.4,5.67
./datasets/data/wav/audioldm2/test/104512.wav,6.1,7.92
./datasets/data/wav/audioldm2/test/104562.wav,5.72,3.67
./datasets/data/wav/audioldm2/test/104581.wav,6.6,10.0
./datasets/data/wav/audioldm2/test/104596.wav,3.57,2.0
./datasets/data/wav/audioldm2/test/104600.wav,5.77,10.0
./datasets/data/wav/audioldm2/test/104624.wav,4.15,10.0
./datasets/data/wav/audioldm2/test/104658.wav,3.13,3.5
./datasets/data/wav/audioldm2/test/104668.wav,5.09,7.5
./datasets/data/wav/audioldm2/test/104686.wav,5.63,1.0
./datasets/data/wav/audioldm2/test/104696.wav,4.92,4.0
./datasets/data/wav/audioldm2/test/104731.wav,4.96,9.0
./datasets/data/wav/audioldm2/test/104774.wav,6.1,10.0
./datasets/data/wav/audioldm2/test/104791.wav,6.05,3.62
./datasets/data/wav/audioldm2/test/104797.wav,5.05,7.33
./datasets/data/wav/audioldm2/test/104798.wav,5.31,8.2
./datasets/data/wav/audioldm2/test/104809.wav,6.14,10.0
./datasets/data/wav/audioldm2/test/104811.wav,7.96,3.0
./datasets/data/wav/audioldm2/test/104817.wav,5.94,8.8
./datasets/data/wav/audioldm2/test/104820.wav,5.31,3.4
./datasets/data/wav/audioldm2/test/104836.wav,5.21,3.33
./datasets/data/wav/audioldm2/test/104855.wav,5.74,3.0
./datasets/data/wav/audioldm2/test/104861.wav,5.13,7.0
./datasets/data/wav/audioldm2/test/104875.wav,4.93,8.33
./datasets/data/wav/audioldm2/test/104888.wav,4.14,5.67
./datasets/data/wav/audioldm2/test/104901.wav,4.95,5.25
./datasets/data/wav/audioldm2/test/104908.wav,5.65,8.0
./datasets/data/wav/audioldm2/test/104916.wav,3.77,3.75
./datasets/data/wav/audioldm2/test/104928.wav,4.89,0.0
./datasets/data/wav/audioldm2/test/104969.wav,5.55,2.0
./datasets/data/wav/audioldm2/test/105039.wav,5.89,8.0
./datasets/data/wav/audioldm2/test/105041.wav,3.87,0.0
./datasets/data/wav/audioldm2/test/105054.wav,4.95,6.5
./datasets/data/wav/audioldm2/test/105090.wav,4.98,1.8
./datasets/data/wav/audioldm2/test/105114.wav,4.02,8.0
./datasets/data/wav/audioldm2/test/105123.wav,3.74,1.0
./datasets/data/wav/audioldm2/test/105139.wav,4.51,5.0
./datasets/data/wav/audioldm2/test/105144.wav,5.85,9.0
./datasets/data/wav/audioldm2/test/105183.wav,5.37,6.33
./datasets/data/wav/audioldm2/test/105190.wav,5.08,2.0
./datasets/data/wav/audioldm2/test/105205.wav,3.89,5.5
./datasets/data/wav/audioldm2/test/105217.wav,5.67,3.5
./datasets/data/wav/audioldm2/test/105288.wav,4.2,4.67
./datasets/data/wav/audioldm2/test/105324.wav,6.07,5.0
./datasets/data/wav/audioldm2/test/105363.wav,4.72,10.0
./datasets/data/wav/audioldm2/test/105387.wav,6.01,3.5
./datasets/data/wav/audioldm2/test/105388.wav,4.43,10.0
./datasets/data/wav/audioldm2/test/105422.wav,5.17,2.0
./datasets/data/wav/audioldm2/test/105474.wav,5.34,6.67
./datasets/data/wav/audioldm2/test/105488.wav,5.84,7.0
./datasets/data/wav/audioldm2/test/105493.wav,6.2,9.25
./datasets/data/wav/audioldm2/test/105513.wav,7.46,5.0
./datasets/data/wav/audioldm2/test/105523.wav,4.68,10.0
./datasets/data/wav/audioldm2/test/105614.wav,6.72,8.0
./datasets/data/wav/audioldm2/test/105627.wav,4.23,3.5
./datasets/data/wav/audioldm2/test/105694.wav,4.3,5.33
./datasets/data/wav/audioldm2/test/105764.wav,4.65,6.17
./datasets/data/wav/audioldm2/test/105770.wav,4.89,4.0
./datasets/data/wav/audioldm2/test/105853.wav,5.82,2.0
./datasets/data/wav/audioldm2/test/105870.wav,5.74,10.0
./datasets/data/wav/audioldm2/test/105905.wav,6.36,0.0
./datasets/data/wav/audioldm2/test/105988.wav,4.27,7.5
./datasets/data/wav/audioldm2/test/106022.wav,3.73,2.75
./datasets/data/wav/audioldm2/test/106041.wav,5.37,2.0
./datasets/data/wav/audioldm2/test/106050.wav,5.87,5.0
./datasets/data/wav/audioldm2/test/106056.wav,3.8,5.83
./datasets/data/wav/audioldm2/test/106065.wav,5.81,1.33
./datasets/data/wav/audioldm2/test/106067.wav,6.41,9.17
./datasets/data/wav/audioldm2/test/106072.wav,4.35,4.2
./datasets/data/wav/audioldm2/test/106087.wav,5.6,5.33
./datasets/data/wav/audioldm2/test/106096.wav,5.88,10.0
./datasets/data/wav/audioldm2/test/106097.wav,5.07,6.33
./datasets/data/wav/audioldm2/test/106215.wav,3.33,0.0
./datasets/data/wav/audioldm2/test/106256.wav,4.4,6.5
./datasets/data/wav/audioldm2/test/106271.wav,5.65,3.0
./datasets/data/wav/audioldm2/test/106288.wav,4.82,2.0
./datasets/data/wav/audioldm2/test/106333.wav,7.64,2.67
./datasets/data/wav/audioldm2/test/106349.wav,5.47,10.0
./datasets/data/wav/audioldm2/test/106388.wav,4.61,8.0
./datasets/data/wav/audioldm2/test/106401.wav,4.52,6.67
./datasets/data/wav/audioldm2/test/106465.wav,7.95,9.4
./datasets/data/wav/audioldm2/test/106479.wav,5.87,8.0
./datasets/data/wav/audioldm2/test/106482.wav,2.45,1.25
./datasets/data/wav/audioldm2/test/106491.wav,4.88,9.33
./datasets/data/wav/audioldm2/test/106494.wav,5.47,3.5
./datasets/data/wav/audioldm2/test/106508.wav,6.04,0.0
./datasets/data/wav/audioldm2/test/106514.wav,4.39,3.25
./datasets/data/wav/audioldm2/test/106525.wav,3.55,2.5
./datasets/data/wav/audioldm2/test/106534.wav,3.38,0.0
./datasets/data/wav/audioldm2/test/106562.wav,5.28,6.75
./datasets/data/wav/audioldm2/test/106570.wav,5.97,3.33
./datasets/data/wav/audioldm2/test/106623.wav,5.52,0.0
./datasets/data/wav/audioldm2/test/106637.wav,5.67,7.5
./datasets/data/wav/audioldm2/test/106677.wav,4.69,2.25
./datasets/data/wav/audioldm2/test/106695.wav,5.1,4.0
./datasets/data/wav/audioldm2/test/106699.wav,6.42,5.0
./datasets/data/wav/audioldm2/test/106701.wav,7.87,9.0
./datasets/data/wav/audioldm2/test/106754.wav,4.86,5.0
./datasets/data/wav/audioldm2/test/106762.wav,4.51,7.33
./datasets/data/wav/audioldm2/test/106790.wav,7.45,3.0
./datasets/data/wav/audioldm2/test/106821.wav,5.07,0.0
./datasets/data/wav/audioldm2/test/106868.wav,3.74,3.75
./datasets/data/wav/audioldm2/test/106869.wav,5.8,1.33
./datasets/data/wav/audioldm2/test/106890.wav,4.06,2.0
./datasets/data/wav/audioldm2/test/107014.wav,7.67,10.0
./datasets/data/wav/audioldm2/test/107015.wav,6.34,10.0
./datasets/data/wav/audioldm2/test/107048.wav,9.43,8.0
./datasets/data/wav/audioldm2/test/107050.wav,4.02,2.67
./datasets/data/wav/audioldm2/test/107064.wav,4.97,9.5
./datasets/data/wav/audioldm2/test/107080.wav,5.66,7.5
./datasets/data/wav/audioldm2/test/107207.wav,6.54,7.0
./datasets/data/wav/audioldm2/test/107252.wav,5.81,3.8
./datasets/data/wav/audioldm2/test/107267.wav,4.15,2.5
./datasets/data/wav/audioldm2/test/107271.wav,7.66,7.17
./datasets/data/wav/audioldm2/test/107272.wav,6.02,9.0
./datasets/data/wav/audioldm2/test/107294.wav,5.93,2.0
./datasets/data/wav/audioldm2/test/107325.wav,4.77,9.0
./datasets/data/wav/audioldm2/test/107383.wav,4.19,4.6
./datasets/data/wav/audioldm2/test/1167.wav,4.9,6.0
./datasets/data/wav/audioldm2/test/11680.wav,9.35,8.0
./datasets/data/wav/audioldm2/test/15988.wav,4.82,4.83
./datasets/data/wav/audioldm2/test/17422.wav,4.61,5.8
./datasets/data/wav/audioldm2/test/17833.wav,5.36,4.67
./datasets/data/wav/audioldm2/test/18515.wav,5.03,8.25
./datasets/data/wav/audioldm2/test/21971.wav,3.89,4.25
./datasets/data/wav/audioldm2/test/27464.wav,5.23,4.25
./datasets/data/wav/audioldm2/test/4626.wav,5.2,6.67
./datasets/data/wav/audioldm2/test/5548.wav,8.1,9.0
./datasets/data/wav/audioldm2/test/6291.wav,4.57,4.0
./datasets/data/wav/audioldm2/test/6658.wav,4.86,0.0
./datasets/data/wav/audioldm2/test/8690.wav,6.64,9.0
./datasets/data/wav/audioldm2/test/9429.wav,6.02,4.0
./datasets/data/wav/tango/test/102730.wav,6.55,4.67
./datasets/data/wav/tango/test/102731.wav,4.66,4.0
./datasets/data/wav/tango/test/102751.wav,7.01,10.0
./datasets/data/wav/tango/test/102759.wav,6.13,2.33
./datasets/data/wav/tango/test/102763.wav,6.33,9.33
./datasets/data/wav/tango/test/102794.wav,5.52,5.0
./datasets/data/wav/tango/test/102801.wav,7.13,2.0
./datasets/data/wav/tango/test/102804.wav,5.94,8.67
./datasets/data/wav/tango/test/102820.wav,4.78,8.6
./datasets/data/wav/tango/test/102851.wav,6.29,2.0
./datasets/data/wav/tango/test/102911.wav,7.7,7.0
./datasets/data/wav/tango/test/102923.wav,7.13,2.0
./datasets/data/wav/tango/test/102938.wav,5.92,9.5
./datasets/data/wav/tango/test/102966.wav,5.94,8.0
./datasets/data/wav/tango/test/102971.wav,7.46,5.8
./datasets/data/wav/tango/test/102994.wav,6.76,5.5
./datasets/data/wav/tango/test/103012.wav,5.62,7.5
./datasets/data/wav/tango/test/103036.wav,6.89,8.0
./datasets/data/wav/tango/test/103057.wav,7.33,5.5
./datasets/data/wav/tango/test/103072.wav,5.38,3.0
./datasets/data/wav/tango/test/103136.wav,8.71,8.0
./datasets/data/wav/tango/test/103158.wav,4.6,9.33
./datasets/data/wav/tango/test/103160.wav,7.3,5.0
./datasets/data/wav/tango/test/103163.wav,6.32,7.25
./datasets/data/wav/tango/test/103208.wav,6.83,6.4
./datasets/data/wav/tango/test/103225.wav,4.71,7.0
./datasets/data/wav/tango/test/103233.wav,9.04,4.5
./datasets/data/wav/tango/test/103277.wav,3.0,5.5
./datasets/data/wav/tango/test/103305.wav,7.25,4.67
./datasets/data/wav/tango/test/103352.wav,7.54,10.0
./datasets/data/wav/tango/test/103365.wav,5.58,0.33
./datasets/data/wav/tango/test/103386.wav,5.51,4.33
./datasets/data/wav/tango/test/103468.wav,5.93,5.0
./datasets/data/wav/tango/test/103521.wav,7.19,3.5
./datasets/data/wav/tango/test/103525.wav,5.68,9.75
./datasets/data/wav/tango/test/103527.wav,7.61,5.14
./datasets/data/wav/tango/test/103542.wav,7.85,8.0
./datasets/data/wav/tango/test/103545.wav,6.22,6.0
./datasets/data/wav/tango/test/103565.wav,4.74,8.4
./datasets/data/wav/tango/test/103597.wav,5.13,10.0
./datasets/data/wav/tango/test/103601.wav,3.24,9.67
./datasets/data/wav/tango/test/103638.wav,6.96,3.5
./datasets/data/wav/tango/test/103644.wav,6.24,0.0
./datasets/data/wav/tango/test/103683.wav,7.97,9.0
./datasets/data/wav/tango/test/103690.wav,4.14,5.75
./datasets/data/wav/tango/test/103718.wav,7.53,9.8
./datasets/data/wav/tango/test/103731.wav,6.08,7.5
./datasets/data/wav/tango/test/103779.wav,7.64,7.5
./datasets/data/wav/tango/test/103814.wav,7.14,3.0
./datasets/data/wav/tango/test/103815.wav,6.61,6.33
./datasets/data/wav/tango/test/103899.wav,6.74,10.0
./datasets/data/wav/tango/test/103924.wav,7.78,7.0
./datasets/data/wav/tango/test/103996.wav,5.75,2.0
./datasets/data/wav/tango/test/104008.wav,6.37,5.0
./datasets/data/wav/tango/test/104014.wav,8.07,8.0
./datasets/data/wav/tango/test/104034.wav,4.99,3.0
./datasets/data/wav/tango/test/104036.wav,5.46,10.0
./datasets/data/wav/tango/test/104106.wav,7.96,5.33
./datasets/data/wav/tango/test/104113.wav,5.14,10.0
./datasets/data/wav/tango/test/104118.wav,8.28,9.0
./datasets/data/wav/tango/test/104121.wav,8.06,10.0
./datasets/data/wav/tango/test/104123.wav,7.24,5.0
./datasets/data/wav/tango/test/104175.wav,5.82,7.8
./datasets/data/wav/tango/test/104187.wav,3.99,7.0
./datasets/data/wav/tango/test/104196.wav,6.76,5.25
./datasets/data/wav/tango/test/104203.wav,5.14,10.0
./datasets/data/wav/tango/test/104204.wav,6.18,4.0
./datasets/data/wav/tango/test/104228.wav,5.18,1.67
./datasets/data/wav/tango/test/104278.wav,6.84,5.0
./datasets/data/wav/tango/test/104285.wav,6.35,7.0
./datasets/data/wav/tango/test/104306.wav,7.83,5.2
./datasets/data/wav/tango/test/104352.wav,5.39,5.0
./datasets/data/wav/tango/test/104373.wav,4.34,8.0
./datasets/data/wav/tango/test/104382.wav,5.89,3.5
./datasets/data/wav/tango/test/104394.wav,5.45,6.33
./datasets/data/wav/tango/test/104395.wav,5.31,5.0
./datasets/data/wav/tango/test/104423.wav,4.92,6.33
./datasets/data/wav/tango/test/104434.wav,7.1,4.33
./datasets/data/wav/tango/test/104438.wav,7.43,3.17
./datasets/data/wav/tango/test/104448.wav,5.5,6.0
./datasets/data/wav/tango/test/104464.wav,3.92,5.0
./datasets/data/wav/tango/test/104473.wav,6.08,2.6
./datasets/data/wav/tango/test/104477.wav,6.39,7.6
./datasets/data/wav/tango/test/104479.wav,7.34,3.25
./datasets/data/wav/tango/test/104489.wav,4.75,6.67
./datasets/data/wav/tango/test/104512.wav,6.61,7.83
./datasets/data/wav/tango/test/104562.wav,7.13,2.33
./datasets/data/wav/tango/test/104581.wav,7.77,5.67
./datasets/data/wav/tango/test/104596.wav,6.25,10.0
./datasets/data/wav/tango/test/104600.wav,5.66,5.0
./datasets/data/wav/tango/test/104624.wav,6.84,5.0
./datasets/data/wav/tango/test/104658.wav,6.79,4.0
./datasets/data/wav/tango/test/104668.wav,4.96,9.0
./datasets/data/wav/tango/test/104686.wav,4.78,0.0
./datasets/data/wav/tango/test/104696.wav,6.41,5.0
./datasets/data/wav/tango/test/104731.wav,6.49,10.0
./datasets/data/wav/tango/test/104774.wav,7.46,9.0
./datasets/data/wav/tango/test/104791.wav,4.54,4.75
./datasets/data/wav/tango/test/104797.wav,6.07,6.67
./datasets/data/wav/tango/test/104798.wav,4.91,7.6
./datasets/data/wav/tango/test/104809.wav,5.53,8.0
./datasets/data/wav/tango/test/104811.wav,7.06,5.0
./datasets/data/wav/tango/test/104817.wav,7.27,9.6
./datasets/data/wav/tango/test/104820.wav,5.13,2.6
./datasets/data/wav/tango/test/104836.wav,6.24,8.33
./datasets/data/wav/tango/test/104855.wav,8.05,9.5
./datasets/data/wav/tango/test/104861.wav,5.68,6.0
./datasets/data/wav/tango/test/104875.wav,7.0,7.67
./datasets/data/wav/tango/test/104888.wav,6.21,6.0
./datasets/data/wav/tango/test/104901.wav,5.34,6.0
./datasets/data/wav/tango/test/104908.wav,7.11,5.0
./datasets/data/wav/tango/test/104916.wav,4.54,6.0
./datasets/data/wav/tango/test/104928.wav,8.5,0.0
./datasets/data/wav/tango/test/104969.wav,5.43,1.83
./datasets/data/wav/tango/test/105039.wav,5.03,9.0
./datasets/data/wav/tango/test/105041.wav,6.67,8.0
./datasets/data/wav/tango/test/105054.wav,7.24,2.5
./datasets/data/wav/tango/test/105090.wav,5.06,2.0
./datasets/data/wav/tango/test/105114.wav,8.68,10.0
./datasets/data/wav/tango/test/105123.wav,6.08,5.0
./datasets/data/wav/tango/test/105139.wav,5.81,6.0
./datasets/data/wav/tango/test/105144.wav,8.07,10.0
./datasets/data/wav/tango/test/105183.wav,7.13,8.0
./datasets/data/wav/tango/test/105190.wav,7.58,10.0
./datasets/data/wav/tango/test/105205.wav,6.85,3.75
./datasets/data/wav/tango/test/105217.wav,5.08,8.0
./datasets/data/wav/tango/test/105288.wav,7.57,7.0
./datasets/data/wav/tango/test/105324.wav,7.11,7.0
./datasets/data/wav/tango/test/105363.wav,8.25,0.0
./datasets/data/wav/tango/test/105387.wav,7.46,6.5
./datasets/data/wav/tango/test/105388.wav,5.15,9.0
./datasets/data/wav/tango/test/105422.wav,5.27,1.33
./datasets/data/wav/tango/test/105474.wav,6.3,5.0
./datasets/data/wav/tango/test/105488.wav,5.82,8.0
./datasets/data/wav/tango/test/105493.wav,7.04,6.5
./datasets/data/wav/tango/test/105513.wav,7.26,5.33
./datasets/data/wav/tango/test/105523.wav,6.34,10.0
./datasets/data/wav/tango/test/105614.wav,5.39,7.25
./datasets/data/wav/tango/test/105627.wav,4.95,1.0
./datasets/data/wav/tango/test/105694.wav,5.2,6.0
./datasets/data/wav/tango/test/105764.wav,5.29,8.67
./datasets/data/wav/tango/test/105770.wav,4.54,8.0
./datasets/data/wav/tango/test/105853.wav,5.81,8.0
./datasets/data/wav/tango/test/105870.wav,7.04,10.0
./datasets/data/wav/tango/test/105905.wav,5.01,10.0
./datasets/data/wav/tango/test/105988.wav,6.44,9.0
./datasets/data/wav/tango/test/106022.wav,5.73,9.25
./datasets/data/wav/tango/test/106041.wav,6.89,3.0
./datasets/data/wav/tango/test/106050.wav,3.7,7.0
./datasets/data/wav/tango/test/106056.wav,5.62,5.33
./datasets/data/wav/tango/test/106065.wav,5.07,4.0
./datasets/data/wav/tango/test/106067.wav,4.32,7.33
./datasets/data/wav/tango/test/106072.wav,5.4,7.0
./datasets/data/wav/tango/test/106087.wav,4.75,6.67
./datasets/data/wav/tango/test/106096.wav,3.5,8.0
./datasets/data/wav/tango/test/106097.wav,7.51,8.67
./datasets/data/wav/tango/test/106215.wav,5.34,0.0
./datasets/data/wav/tango/test/106256.wav,6.06,6.0
./datasets/data/wav/tango/test/106271.wav,6.4,8.5
./datasets/data/wav/tango/test/106288.wav,6.72,6.25
./datasets/data/wav/tango/test/106333.wav,8.8,3.67
./datasets/data/wav/tango/test/106349.wav,3.67,9.5
./datasets/data/wav/tango/test/106388.wav,3.78,5.0
./datasets/data/wav/tango/test/106401.wav,6.09,7.0
./datasets/data/wav/tango/test/106465.wav,6.3,9.0
./datasets/data/wav/tango/test/106479.wav,8.13,8.0
./datasets/data/wav/tango/test/106482.wav,5.81,3.75
./datasets/data/wav/tango/test/106491.wav,8.32,7.0
./datasets/data/wav/tango/test/106494.wav,6.97,8.0
./datasets/data/wav/tango/test/106508.wav,6.99,6.33
./datasets/data/wav/tango/test/106514.wav,4.39,3.75
./datasets/data/wav/tango/test/106525.wav,5.29,10.0
./datasets/data/wav/tango/test/106534.wav,4.81,5.0
./datasets/data/wav/tango/test/106562.wav,5.67,5.0
./datasets/data/wav/tango/test/106570.wav,6.78,6.33
./datasets/data/wav/tango/test/106623.wav,7.2,9.0
./datasets/data/wav/tango/test/106637.wav,7.51,7.17
./datasets/data/wav/tango/test/106677.wav,6.25,9.0
./datasets/data/wav/tango/test/106695.wav,4.37,3.0
./datasets/data/wav/tango/test/106699.wav,4.56,5.5
./datasets/data/wav/tango/test/106701.wav,4.95,9.0
./datasets/data/wav/tango/test/106754.wav,6.1,10.0
./datasets/data/wav/tango/test/106762.wav,4.76,8.67
./datasets/data/wav/tango/test/106790.wav,6.87,6.5
./datasets/data/wav/tango/test/106821.wav,8.24,4.0
./datasets/data/wav/tango/test/106868.wav,7.34,7.25
./datasets/data/wav/tango/test/106869.wav,4.69,1.67
./datasets/data/wav/tango/test/106890.wav,6.95,4.0
./datasets/data/wav/tango/test/107014.wav,7.8,8.5
./datasets/data/wav/tango/test/107015.wav,5.73,2.0
./datasets/data/wav/tango/test/107048.wav,7.26,9.0
./datasets/data/wav/tango/test/107050.wav,4.22,3.33
./datasets/data/wav/tango/test/107064.wav,8.45,1.75
./datasets/data/wav/tango/test/107080.wav,6.89,4.5
./datasets/data/wav/tango/test/107207.wav,5.89,2.67
./datasets/data/wav/tango/test/107252.wav,3.87,8.6
./datasets/data/wav/tango/test/107267.wav,6.03,4.0
./datasets/data/wav/tango/test/107271.wav,6.49,9.83
./datasets/data/wav/tango/test/107272.wav,5.22,5.0
./datasets/data/wav/tango/test/107294.wav,7.93,5.0
./datasets/data/wav/tango/test/107325.wav,4.47,9.0
./datasets/data/wav/tango/test/107383.wav,7.64,9.4
./datasets/data/wav/tango/test/1167.wav,6.16,2.0
./datasets/data/wav/tango/test/11680.wav,7.56,8.0
./datasets/data/wav/tango/test/15988.wav,7.04,7.0
./datasets/data/wav/tango/test/17422.wav,7.15,5.2
./datasets/data/wav/tango/test/17833.wav,7.65,9.5
./datasets/data/wav/tango/test/18515.wav,5.68,5.5
./datasets/data/wav/tango/test/21971.wav,7.05,7.25
./datasets/data/wav/tango/test/27464.wav,7.23,8.0
./datasets/data/wav/tango/test/4626.wav,7.82,7.0
./datasets/data/wav/tango/test/5548.wav,6.71,8.0
./datasets/data/wav/tango/test/6291.wav,7.04,9.0
./datasets/data/wav/tango/test/6658.wav,4.58,6.0
./datasets/data/wav/tango/test/8690.wav,6.6,8.0
./datasets/data/wav/tango/test/9429.wav,6.27,9.0
./datasets/data/wav/tango2/test/10176.wav,6.91,7.0
./datasets/data/wav/tango2/test/102738.wav,5.55,7.57
./datasets/data/wav/tango2/test/102771.wav,5.93,7.5
./datasets/data/wav/tango2/test/102783.wav,7.52,6.2
./datasets/data/wav/tango2/test/102852.wav,5.33,10.0
./datasets/data/wav/tango2/test/102884.wav,7.23,10.0
./datasets/data/wav/tango2/test/102903.wav,5.35,3.0
./datasets/data/wav/tango2/test/102972.wav,7.71,9.5
./datasets/data/wav/tango2/test/102975.wav,6.18,8.5
./datasets/data/wav/tango2/test/102976.wav,5.61,8.0
./datasets/data/wav/tango2/test/102997.wav,7.22,10.0
./datasets/data/wav/tango2/test/103001.wav,7.92,6.0
./datasets/data/wav/tango2/test/103022.wav,7.94,7.6
./datasets/data/wav/tango2/test/103040.wav,7.53,2.0
./datasets/data/wav/tango2/test/103056.wav,6.5,8.75
./datasets/data/wav/tango2/test/103061.wav,7.19,8.0
./datasets/data/wav/tango2/test/103132.wav,7.54,2.67
./datasets/data/wav/tango2/test/103137.wav,7.14,10.0
./datasets/data/wav/tango2/test/103153.wav,7.29,1.0
./datasets/data/wav/tango2/test/103210.wav,7.39,0.0
./datasets/data/wav/tango2/test/103254.wav,7.74,7.0
./datasets/data/wav/tango2/test/103284.wav,5.92,0.0
./datasets/data/wav/tango2/test/103290.wav,6.94,4.33
./datasets/data/wav/tango2/test/103311.wav,6.9,5.67
./datasets/data/wav/tango2/test/103312.wav,8.68,7.75
./datasets/data/wav/tango2/test/103315.wav,7.14,10.0
./datasets/data/wav/tango2/test/103334.wav,7.53,10.0
./datasets/data/wav/tango2/test/103348.wav,6.23,1.83
./datasets/data/wav/tango2/test/103372.wav,5.95,8.83
./datasets/data/wav/tango2/test/103379.wav,8.81,10.0
./datasets/data/wav/tango2/test/103382.wav,7.43,9.67
./datasets/data/wav/tango2/test/103432.wav,7.31,8.0
./datasets/data/wav/tango2/test/103481.wav,8.35,8.5
./datasets/data/wav/tango2/test/103490.wav,6.89,5.5
./datasets/data/wav/tango2/test/103499.wav,7.6,6.75
./datasets/data/wav/tango2/test/103508.wav,7.25,9.33
./datasets/data/wav/tango2/test/103543.wav,7.92,9.0
./datasets/data/wav/tango2/test/103549.wav,6.54,5.0
./datasets/data/wav/tango2/test/103570.wav,7.09,8.67
./datasets/data/wav/tango2/test/103607.wav,4.94,10.0
./datasets/data/wav/tango2/test/103615.wav,6.43,10.0
./datasets/data/wav/tango2/test/103652.wav,5.9,7.5
./datasets/data/wav/tango2/test/103666.wav,8.67,8.0
./datasets/data/wav/tango2/test/103669.wav,6.98,9.0
./datasets/data/wav/tango2/test/103707.wav,6.42,9.0
./datasets/data/wav/tango2/test/103710.wav,8.76,10.0
./datasets/data/wav/tango2/test/103716.wav,7.26,8.0
./datasets/data/wav/tango2/test/103823.wav,7.13,9.0
./datasets/data/wav/tango2/test/103832.wav,6.39,6.0
./datasets/data/wav/tango2/test/103843.wav,6.02,8.67
./datasets/data/wav/tango2/test/103872.wav,7.72,0.0
./datasets/data/wav/tango2/test/103874.wav,7.14,8.0
./datasets/data/wav/tango2/test/103887.wav,6.7,6.67
./datasets/data/wav/tango2/test/103921.wav,7.2,9.75
./datasets/data/wav/tango2/test/103984.wav,7.15,8.0
./datasets/data/wav/tango2/test/103985.wav,7.81,6.4
./datasets/data/wav/tango2/test/104016.wav,6.62,8.0
./datasets/data/wav/tango2/test/104027.wav,5.36,9.33
./datasets/data/wav/tango2/test/104033.wav,7.75,6.5
./datasets/data/wav/tango2/test/104042.wav,6.6,9.5
./datasets/data/wav/tango2/test/104078.wav,8.01,6.5
./datasets/data/wav/tango2/test/104120.wav,6.67,10.0
./datasets/data/wav/tango2/test/104124.wav,6.93,3.0
./datasets/data/wav/tango2/test/104149.wav,7.55,8.75
./datasets/data/wav/tango2/test/104158.wav,8.74,10.0
./datasets/data/wav/tango2/test/104165.wav,5.26,8.5
./datasets/data/wav/tango2/test/104192.wav,8.04,8.5
./datasets/data/wav/tango2/test/104197.wav,5.39,8.75
./datasets/data/wav/tango2/test/104219.wav,8.44,9.4
./datasets/data/wav/tango2/test/104230.wav,6.94,10.0
./datasets/data/wav/tango2/test/104236.wav,7.29,5.5
./datasets/data/wav/tango2/test/104251.wav,6.26,9.5
./datasets/data/wav/tango2/test/104291.wav,8.2,7.4
./datasets/data/wav/tango2/test/104328.wav,8.07,10.0
./datasets/data/wav/tango2/test/104361.wav,5.51,9.67
./datasets/data/wav/tango2/test/104452.wav,7.74,8.67
./datasets/data/wav/tango2/test/104453.wav,8.26,9.75
./datasets/data/wav/tango2/test/104462.wav,7.01,9.8
./datasets/data/wav/tango2/test/104480.wav,7.65,7.5
./datasets/data/wav/tango2/test/104481.wav,8.0,7.0
./datasets/data/wav/tango2/test/104482.wav,7.94,8.6
./datasets/data/wav/tango2/test/104483.wav,8.73,9.33
./datasets/data/wav/tango2/test/104510.wav,7.29,10.0
./datasets/data/wav/tango2/test/104529.wav,7.27,7.25
./datasets/data/wav/tango2/test/104568.wav,6.6,9.67
./datasets/data/wav/tango2/test/104584.wav,5.14,9.5
./datasets/data/wav/tango2/test/104619.wav,6.79,5.0
./datasets/data/wav/tango2/test/104628.wav,7.43,9.0
./datasets/data/wav/tango2/test/104699.wav,7.24,7.17
./datasets/data/wav/tango2/test/104740.wav,8.17,9.0
./datasets/data/wav/tango2/test/104756.wav,7.85,8.0
./datasets/data/wav/tango2/test/104788.wav,7.47,5.0
./datasets/data/wav/tango2/test/104806.wav,6.55,6.5
./datasets/data/wav/tango2/test/104843.wav,4.59,10.0
./datasets/data/wav/tango2/test/104879.wav,6.35,7.67
./datasets/data/wav/tango2/test/104900.wav,6.18,10.0
./datasets/data/wav/tango2/test/104913.wav,7.15,10.0
./datasets/data/wav/tango2/test/104943.wav,7.08,10.0
./datasets/data/wav/tango2/test/104952.wav,8.17,9.67
./datasets/data/wav/tango2/test/104976.wav,6.66,9.5
./datasets/data/wav/tango2/test/105014.wav,6.48,8.0
./datasets/data/wav/tango2/test/105015.wav,6.2,7.83
./datasets/data/wav/tango2/test/105047.wav,6.32,6.0
./datasets/data/wav/tango2/test/105063.wav,8.29,9.33
./datasets/data/wav/tango2/test/105066.wav,8.6,6.5
./datasets/data/wav/tango2/test/105093.wav,7.43,10.0
./datasets/data/wav/tango2/test/105102.wav,7.68,6.6
./datasets/data/wav/tango2/test/105170.wav,6.79,10.0
./datasets/data/wav/tango2/test/105201.wav,5.57,8.2
./datasets/data/wav/tango2/test/105230.wav,7.43,8.0
./datasets/data/wav/tango2/test/105231.wav,5.99,8.67
./datasets/data/wav/tango2/test/105242.wav,8.4,8.67
./datasets/data/wav/tango2/test/105243.wav,8.18,10.0
./datasets/data/wav/tango2/test/105257.wav,7.32,8.0
./datasets/data/wav/tango2/test/105272.wav,7.52,9.5
./datasets/data/wav/tango2/test/105319.wav,5.96,9.0
./datasets/data/wav/tango2/test/105345.wav,6.82,8.67
./datasets/data/wav/tango2/test/105348.wav,7.27,9.33
./datasets/data/wav/tango2/test/105354.wav,5.79,8.67
./datasets/data/wav/tango2/test/105355.wav,7.09,4.0
./datasets/data/wav/tango2/test/105397.wav,5.56,6.33
./datasets/data/wav/tango2/test/105436.wav,6.99,8.0
./datasets/data/wav/tango2/test/105503.wav,8.81,7.75
./datasets/data/wav/tango2/test/105507.wav,7.47,9.0
./datasets/data/wav/tango2/test/105511.wav,8.26,9.33
./datasets/data/wav/tango2/test/105539.wav,7.09,6.5
./datasets/data/wav/tango2/test/105575.wav,6.46,4.2
./datasets/data/wav/tango2/test/105584.wav,6.34,7.5
./datasets/data/wav/tango2/test/105594.wav,8.45,9.0
./datasets/data/wav/tango2/test/105595.wav,5.88,6.6
./datasets/data/wav/tango2/test/105615.wav,8.3,9.0
./datasets/data/wav/tango2/test/105639.wav,7.08,9.5
./datasets/data/wav/tango2/test/105655.wav,7.72,2.0
./datasets/data/wav/tango2/test/105677.wav,4.96,9.67
./datasets/data/wav/tango2/test/105679.wav,6.63,9.0
./datasets/data/wav/tango2/test/105704.wav,7.74,10.0
./datasets/data/wav/tango2/test/105742.wav,6.87,10.0
./datasets/data/wav/tango2/test/105745.wav,7.85,7.5
./datasets/data/wav/tango2/test/105786.wav,5.62,9.71
./datasets/data/wav/tango2/test/105802.wav,7.32,7.5
./datasets/data/wav/tango2/test/105832.wav,8.07,9.8
./datasets/data/wav/tango2/test/105856.wav,7.86,7.5
./datasets/data/wav/tango2/test/105862.wav,7.7,9.5
./datasets/data/wav/tango2/test/105906.wav,8.92,10.0
./datasets/data/wav/tango2/test/105908.wav,7.84,9.0
./datasets/data/wav/tango2/test/105917.wav,5.69,10.0
./datasets/data/wav/tango2/test/105924.wav,7.95,9.5
./datasets/data/wav/tango2/test/105926.wav,8.02,5.5
./datasets/data/wav/tango2/test/105953.wav,8.11,5.33
./datasets/data/wav/tango2/test/105960.wav,5.67,8.0
./datasets/data/wav/tango2/test/105983.wav,7.02,9.25
./datasets/data/wav/tango2/test/106004.wav,7.14,7.0
./datasets/data/wav/tango2/test/106005.wav,6.61,8.67
./datasets/data/wav/tango2/test/106026.wav,8.08,9.0
./datasets/data/wav/tango2/test/106034.wav,7.68,9.67
./datasets/data/wav/tango2/test/106042.wav,8.27,7.33
./datasets/data/wav/tango2/test/106168.wav,6.9,9.0
./datasets/data/wav/tango2/test/106188.wav,7.54,6.5
./datasets/data/wav/tango2/test/106198.wav,5.69,7.67
./datasets/data/wav/tango2/test/106213.wav,7.05,5.67
./datasets/data/wav/tango2/test/106382.wav,7.8,3.5
./datasets/data/wav/tango2/test/106433.wav,6.84,9.33
./datasets/data/wav/tango2/test/106441.wav,7.81,9.83
./datasets/data/wav/tango2/test/106473.wav,6.37,10.0
./datasets/data/wav/tango2/test/106483.wav,7.31,10.0
./datasets/data/wav/tango2/test/106510.wav,8.49,10.0
./datasets/data/wav/tango2/test/106564.wav,4.19,10.0
./datasets/data/wav/tango2/test/106613.wav,4.81,10.0
./datasets/data/wav/tango2/test/106625.wav,7.07,8.0
./datasets/data/wav/tango2/test/106628.wav,5.88,8.2
./datasets/data/wav/tango2/test/106648.wav,5.85,10.0
./datasets/data/wav/tango2/test/106662.wav,5.28,5.25
./datasets/data/wav/tango2/test/106738.wav,7.02,6.5
./datasets/data/wav/tango2/test/106758.wav,6.59,4.0
./datasets/data/wav/tango2/test/106768.wav,5.09,9.0
./datasets/data/wav/tango2/test/106775.wav,5.71,8.0
./datasets/data/wav/tango2/test/106786.wav,6.01,1.33
./datasets/data/wav/tango2/test/106845.wav,6.87,5.0
./datasets/data/wav/tango2/test/106858.wav,7.38,10.0
./datasets/data/wav/tango2/test/106860.wav,7.76,9.5
./datasets/data/wav/tango2/test/106891.wav,4.7,4.5
./datasets/data/wav/tango2/test/106898.wav,8.83,10.0
./datasets/data/wav/tango2/test/106921.wav,7.68,7.67
./datasets/data/wav/tango2/test/106939.wav,9.09,8.33
./datasets/data/wav/tango2/test/106960.wav,5.65,9.17
./datasets/data/wav/tango2/test/106961.wav,7.63,10.0
./datasets/data/wav/tango2/test/107013.wav,7.36,8.0
./datasets/data/wav/tango2/test/107020.wav,6.63,9.0
./datasets/data/wav/tango2/test/107054.wav,7.67,7.75
./datasets/data/wav/tango2/test/107067.wav,7.53,8.0
./datasets/data/wav/tango2/test/107073.wav,6.79,8.0
./datasets/data/wav/tango2/test/107084.wav,7.78,10.0
./datasets/data/wav/tango2/test/107124.wav,8.57,4.0
./datasets/data/wav/tango2/test/107127.wav,6.52,8.0
./datasets/data/wav/tango2/test/107182.wav,6.34,9.0
./datasets/data/wav/tango2/test/107245.wav,7.53,8.5
./datasets/data/wav/tango2/test/107273.wav,7.53,7.8
./datasets/data/wav/tango2/test/107277.wav,7.7,9.67
./datasets/data/wav/tango2/test/107305.wav,6.26,5.0
./datasets/data/wav/tango2/test/107335.wav,7.95,8.0
./datasets/data/wav/tango2/test/107337.wav,6.92,8.25
./datasets/data/wav/tango2/test/107346.wav,8.1,9.17
./datasets/data/wav/tango2/test/107364.wav,6.91,8.0
./datasets/data/wav/tango2/test/107426.wav,8.11,5.5
./datasets/data/wav/tango2/test/16723.wav,8.06,6.0
./datasets/data/wav/tango2/test/17223.wav,6.82,10.0
./datasets/data/wav/tango2/test/20465.wav,5.51,9.5
./datasets/data/wav/tango2/test/22333.wav,8.07,7.0
./datasets/data/wav/tango2/test/22666.wav,4.86,9.5
./datasets/data/wav/tango2/test/23160.wav,8.14,9.67
./datasets/data/wav/tango2/test/23582.wav,7.1,8.29
./datasets/data/wav/tango2/test/24607.wav,8.24,8.0
./datasets/data/wav/tango2/test/27609.wav,7.84,7.8
./datasets/data/wav/tango2/test/2891.wav,8.06,9.0
./datasets/data/wav/tango2/test/6991.wav,7.86,4.0
./datasets/data/wav/tango2/test/8278.wav,8.34,8.0
./datasets/data/wav/tango2/test/8289.wav,7.55,10.0
./datasets/data/wav/tango2/test/9031.wav,7.19,10.0
./datasets/data/wav/tango2/test/90594.wav,9.6,9.5
./datasets/data/wav/tango2/test/93810.wav,7.32,9.25
./datasets/data/wav/tango2/test/9887.wav,6.93,8.5
